altitude,xaccel,yaccel,zaccel,elevator,aileron,rudder
1769.230913,-12.19330756,2.25194286,-29.02770133,0.3,0.0,-0.8
1576.643887,-21.85632244,-41.74095242,30.74776373,-0.2,0.1,0.3
1334.568049,-17.87246667,19.90997389,-96.06596331,0.4,-0.1,0.2
1111.330537,-26.07697544,20.66549584,64.08132204,0.2,-0.2,-0.2
843.7735947,-23.94222781,-3.745347553,25.06404758,-0.4,-0.5,-0.1
546.6485014,-17.19412928,22.22205412,-173.465826,0.3,-0.9,-1.0
305.5317485,-32.02077741,-31.3597792,39.57426397,0.9,1.0,-0.5
Reward,,,,1.4957764387130739
Flight Duration,,,,14.957764387130737
