elapsedTime,altitude,xaccel,yaccel,zaccel
7.3833333333334075,150.53612727750385,-35.02828531407553,13.347009756343564,4.403874780224237
